,Draft_Yr,Pk,Tm,PLAYER,College,Yrs,G,MP,PTS,TRB,AST,FG%,3P%,FT%,MP_per_game,PTS_per_game,TRB_per_game,AST_per_game,WS,WS_per_48,BPM,VORP
0,2009,1.0,LAC,Blake Griffin,University of Oklahoma,7,421,14840,9023,4031,1699,0.52,0.262,0.662,35.2,21.4,9.6,4.0,56.5,0.183,4.1,23.0
1,2009,2.0,MEM,Hasheem Thabeet,University of Connecticut,5,224,2357,483,595,27,0.567,0.0,0.578,10.5,2.2,2.7,0.1,4.8,0.099,-1.4,0.4
2,2009,3.0,OKC,James Harden,Arizona State University,8,544,18114,11565,2513,2746,0.444,0.368,0.855,33.3,21.3,4.6,5.0,78.9,0.209,5.5,34.1
3,2009,4.0,SAC,Tyreke Evans,University of Memphis,7,433,14445,7220,2117,2293,0.446,0.288,0.757,33.4,16.7,4.9,5.3,23.1,0.077,0.9,10.7
4,2009,5.0,MIN,Ricky Rubio,,6,283,8903,2854,1216,2346,0.369,0.319,0.811,31.5,10.1,4.3,8.3,17.5,0.094,1.4,7.6
5,2009,6.0,MIN,Jonny Flynn,Syracuse University,3,163,3738,1504,307,634,0.4,0.338,0.809,22.9,9.2,1.9,3.9,-1.1,-0.015,-4.9,-2.7
6,2009,7.0,GSW,Stephen Curry,Davidson College,8,505,17585,11361,2186,3452,0.478,0.445,0.902,34.8,22.5,4.3,6.8,73.2,0.2,6.2,36.3
7,2009,8.0,NYK,Jordan Hill,University of Arizona,8,404,7656,3226,2381,322,0.497,0.136,0.699,19.0,8.0,5.9,0.8,16.5,0.103,-1.9,0.1
8,2009,9.0,TOR,DeMar DeRozan,University of Southern California,8,531,18023,9768,2087,1404,0.444,0.283,0.824,33.9,18.4,3.9,2.6,37.1,0.099,-1.1,4.0
9,2009,10.0,MIL,Brandon Jennings,,8,470,15047,7219,1462,2754,0.389,0.349,0.798,32.0,15.4,3.1,5.9,28.3,0.09,0.9,10.9
10,2009,11.0,NJN,Terrence Williams,University of Louisville,4,153,2922,1085,545,364,0.412,0.317,0.659,19.1,7.1,3.6,2.4,-0.2,-0.004,-3.8,-1.4
11,2009,12.0,CHA,Gerald Henderson,Duke University,8,473,12442,5427,1559,911,0.443,0.321,0.79,26.3,11.5,3.3,1.9,16.4,0.063,-2.1,-0.4
12,2009,13.0,IND,Tyler Hansbrough,University of North Carolina,7,428,7233,2881,1808,181,0.439,0.136,0.738,16.9,6.7,4.2,0.4,20.2,0.134,-2.5,-1.0
13,2009,14.0,PHO,Earl Clark,University of Louisville,6,261,3630,1138,778,134,0.403,0.328,0.664,13.9,4.4,3.0,0.5,2.9,0.038,-3.6,-1.5
14,2009,15.0,DET,Austin Daye,Gonzaga University,6,293,4132,1522,764,212,0.402,0.351,0.778,14.1,5.2,2.6,0.7,4.5,0.053,-2.6,-0.6
15,2009,16.0,CHI,James Johnson,Wake Forest University,8,408,7490,2678,1299,607,0.476,0.274,0.695,18.4,6.6,3.2,1.5,12.4,0.08,0.9,5.4
16,2009,17.0,PHI,Jrue Holiday,"University of California, Los Angeles",7,437,14067,6162,1536,2659,0.439,0.368,0.801,32.2,14.1,3.5,6.1,22.7,0.078,0.8,10.0
17,2009,18.0,MIN,Ty Lawson,University of North Carolina,8,493,14673,6358,1360,3042,0.459,0.364,0.765,29.8,12.9,2.8,6.2,39.1,0.128,0.9,10.5
18,2009,19.0,ATL,Jeff Teague,Wake Forest University,8,529,13861,6444,1149,2740,0.446,0.351,0.838,26.2,12.2,2.2,5.2,33.5,0.116,-0.2,6.2
19,2009,20.0,UTA,Eric Maynor,Virginia Commonwealth University,5,267,3896,1141,348,760,0.392,0.35,0.721,14.6,4.3,1.3,2.8,3.3,0.041,-4.7,-2.7
20,2009,21.0,NOH,Darren Collison,"University of California, Los Angeles",8,498,14660,6284,1331,2421,0.468,0.373,0.852,29.4,12.6,2.7,4.9,31.6,0.103,-0.1,6.9
21,2009,22.0,POR,Victor Claver,,3,80,1072,258,178,56,0.398,0.293,0.585,13.4,3.2,2.2,0.7,0.2,0.011,-3.3,-0.4
22,2009,23.0,SAC,Omri Casspi,,8,469,10148,3956,1947,551,0.441,0.367,0.677,21.6,8.4,4.2,1.2,15.5,0.073,-1.4,1.5
23,2009,24.0,DAL,Byron Mullens,Ohio State University,5,189,3446,1398,790,153,0.408,0.319,0.706,18.2,7.4,4.2,0.8,0.6,0.008,-4.6,-2.3
24,2009,25.0,OKC,Rodrigue Beaubois,,4,182,2896,1286,338,374,0.439,0.325,0.81,15.9,7.1,1.9,2.1,4.8,0.079,-0.1,1.4
25,2009,26.0,CHI,Taj Gibson,University of Southern California,8,518,12972,4772,3295,516,0.492,0.045,0.692,25.0,9.2,6.4,1.0,34.5,0.128,0.1,6.8
26,2009,27.0,MEM,DeMarre Carroll,University of Missouri,8,350,7823,2755,1329,400,0.451,0.366,0.721,22.4,7.9,3.8,1.1,18.5,0.114,1.2,6.4
27,2009,28.0,MIN,Wayne Ellington,University of North Carolina,7,453,8882,3221,959,490,0.411,0.376,0.848,19.6,7.1,2.1,1.1,7.4,0.04,-3.1,-2.5
28,2009,29.0,LAL,Toney Douglas,Florida State University,7,370,7117,2892,814,833,0.406,0.36,0.824,19.2,7.8,2.2,2.3,11.6,0.078,-0.6,2.5
29,2009,30.0,CLE,Christian Eyenga,,2,51,1049,320,137,40,0.411,0.277,0.611,20.6,6.3,2.7,0.8,-0.4,-0.02,-4.0,-0.5
32,2009,31.0,SAC,Jeff Pendergraph,Arizona State University,6,237,2322,690,632,99,0.553,0.4,0.776,9.8,2.9,2.7,0.4,6.3,0.131,-1.4,0.4
33,2009,32.0,WAS,Jermaine Taylor,University of Central Florida,2,65,786,351,108,48,0.441,0.284,0.73,12.1,5.4,1.7,0.7,0.2,0.014,-4.6,-0.5
34,2009,33.0,POR,Dante Cunningham,Villanova University,8,522,10952,3143,1945,377,0.468,0.284,0.65,21.0,6.0,3.7,0.7,17.6,0.077,-1.2,2.3
35,2009,34.0,DEN,Sergio Llull,,0,0,0,0,0,0,0.0,0.0,0.0,0.0,0.0,0.0,0.0,0.0,0.0,0.0,0.0
36,2009,35.0,DET,DaJuan Summers,Georgetown University,4,83,820,278,82,29,0.384,0.367,0.642,9.9,3.3,1.0,0.3,-0.1,-0.008,-6.4,-0.9
37,2009,36.0,MEM,Sam Young,University of Pittsburgh,4,249,3966,1436,573,180,0.442,0.28,0.742,15.9,5.8,2.3,0.7,5.2,0.063,-2.9,-0.9
38,2009,37.0,SAS,DeJuan Blair,University of Pittsburgh,7,424,7054,2865,2153,349,0.524,0.0,0.608,16.6,6.8,5.1,0.8,19.0,0.129,0.4,4.2
39,2009,38.0,POR,Jon Brockman,University of Washington,3,150,1570,320,472,49,0.488,0.0,0.618,10.5,2.1,3.1,0.3,3.7,0.113,-2.1,0.0
40,2009,39.0,DET,Jonas Jerebko,,7,420,7912,2772,1744,323,0.456,0.35,0.766,18.8,6.6,4.2,0.8,17.0,0.103,-0.9,2.3
41,2009,40.0,CHA,Derrick Brown,Xavier University,3,171,2554,895,413,119,0.515,0.317,0.637,14.9,5.2,2.4,0.7,4.5,0.085,-1.6,0.2
42,2009,41.0,MIL,Jodie Meeks,University of Kentucky,7,418,10149,4123,905,460,0.422,0.373,0.882,24.3,9.9,2.2,1.1,20.8,0.098,-0.3,4.4
43,2009,42.0,LAL,Patrick Beverley,University of Arkansas,4,224,6232,2069,792,699,0.412,0.373,0.763,27.8,9.2,3.5,3.1,14.3,0.11,1.7,5.8
44,2009,43.0,MIA,Marcus Thornton,Louisiana State University,8,459,10903,5600,1297,647,0.424,0.357,0.831,23.8,12.2,2.8,1.4,19.6,0.086,-0.7,3.5
45,2009,44.0,DET,Chase Budinger,University of Arizona,7,407,7998,3198,1240,473,0.43,0.352,0.797,19.7,7.9,3.0,1.2,13.9,0.083,-1.4,1.2
46,2009,45.0,MIN,Nick Calathes,University of Florida,2,129,2011,590,243,353,0.441,0.288,0.581,15.6,4.6,1.9,2.7,2.6,0.063,-0.7,0.6
47,2009,46.0,CLE,Danny Green,University of North Carolina,8,405,10023,3674,1383,641,0.428,0.403,0.819,24.7,9.1,3.4,1.6,27.1,0.13,3.5,13.8
48,2009,47.0,MIN,Henk Norel,,0,0,0,0,0,0,0.0,0.0,0.0,0.0,0.0,0.0,0.0,0.0,0.0,0.0,0.0
49,2009,48.0,PHO,Taylor Griffin,University of Oklahoma,1,8,32,10,2,1,0.4,0.0,0.5,4.0,1.3,0.3,0.1,0.0,-0.039,-7.3,0.0
50,2009,49.0,ATL,Sergiy Gladyr,,0,0,0,0,0,0,0.0,0.0,0.0,0.0,0.0,0.0,0.0,0.0,0.0,0.0,0.0
51,2009,50.0,UTA,Goran Suton,Michigan State University,0,0,0,0,0,0,0.0,0.0,0.0,0.0,0.0,0.0,0.0,0.0,0.0,0.0,0.0
52,2009,51.0,SAS,Jack McClinton,University of Miami,0,0,0,0,0,0,0.0,0.0,0.0,0.0,0.0,0.0,0.0,0.0,0.0,0.0,0.0
53,2009,52.0,IND,A.J. Price,University of Connecticut,6,261,3929,1523,377,567,0.38,0.316,0.742,15.1,5.8,1.4,2.2,4.7,0.058,-2.4,-0.4
54,2009,53.0,SAS,Nando De Colo,,2,119,1414,453,211,203,0.429,0.363,0.835,11.9,3.8,1.8,1.7,2.4,0.081,-0.8,0.4
55,2009,54.0,CHA,Robert Vaden,University of Alabama at Birmingham,0,0,0,0,0,0,0.0,0.0,0.0,0.0,0.0,0.0,0.0,0.0,0.0,0.0,0.0
56,2009,55.0,POR,Patrick Mills,Saint Mary's College of California,8,372,5993,2822,555,719,0.436,0.391,0.845,16.1,7.6,1.5,1.9,16.0,0.128,0.9,4.4
57,2009,56.0,DAL,Ahmad Nivins,Saint Joseph's University,0,0,0,0,0,0,0.0,0.0,0.0,0.0,0.0,0.0,0.0,0.0,0.0,0.0,0.0
58,2009,57.0,PHO,Emir Preldzic,,0,0,0,0,0,0,0.0,0.0,0.0,0.0,0.0,0.0,0.0,0.0,0.0,0.0,0.0
59,2009,58.0,BOS,Lester Hudson,University of Tennessee at Martin,4,57,594,268,77,71,0.375,0.277,0.806,10.4,4.7,1.4,1.2,0.2,0.016,-2.7,-0.1
60,2009,59.0,LAL,Chinemelu Elonu,Texas A&M University,0,0,0,0,0,0,0.0,0.0,0.0,0.0,0.0,0.0,0.0,0.0,0.0,0.0,0.0
61,2009,60.0,MIA,Robert Dozier,University of Memphis,0,0,0,0,0,0,0.0,0.0,0.0,0.0,0.0,0.0,0.0,0.0,0.0,0.0,0.0
0,2010,1.0,WAS,John Wall,University of Kentucky,7,429,15433,7770,1922,3837,0.43,0.319,0.79,36.0,18.1,4.5,8.9,32.1,0.1,2.2,16.4
1,2010,2.0,PHI,Evan Turner,Ohio State University,7,481,13675,5115,2474,1793,0.431,0.304,0.779,28.4,10.6,5.1,3.7,14.5,0.051,-2.0,-0.1
2,2010,3.0,NJN,Derrick Favors,Georgia Institute of Technology,7,440,11426,5118,3203,460,0.511,0.111,0.667,26.0,11.6,7.3,1.0,31.4,0.132,0.8,8.1
3,2010,4.0,MIN,Wesley Johnson,Syracuse University,7,438,10769,3547,1489,541,0.407,0.344,0.748,24.6,8.1,3.4,1.2,8.4,0.037,-1.1,2.3
4,2010,5.0,SAC,DeMarcus Cousins,University of Kentucky,7,426,13473,8659,4568,1168,0.461,0.293,0.729,31.6,20.3,10.7,2.7,30.9,0.11,2.0,13.5
5,2010,6.0,GSW,Ekpe Udoh,Baylor University,5,270,4564,1072,860,179,0.429,0.0,0.72,16.9,4.0,3.2,0.7,5.7,0.06,-1.1,1.0
6,2010,7.0,DET,Greg Monroe,Georgetown University,7,466,14325,6714,4245,1055,0.508,0.0,0.704,30.7,14.4,9.1,2.3,40.5,0.136,2.1,14.7
7,2010,8.0,LAC,Al-Farouq Aminu,Wake Forest University,7,467,10956,3285,2550,553,0.428,0.319,0.725,23.5,7.0,5.5,1.2,15.3,0.067,-0.3,4.8
8,2010,9.0,UTA,Gordon Hayward,Butler University,7,449,13860,6611,1797,1534,0.437,0.357,0.818,30.9,14.7,4.0,3.4,33.4,0.116,1.6,12.6
9,2010,10.0,IND,Paul George,"California State University, Fresno",7,383,12348,6525,2390,1202,0.426,0.365,0.84,32.2,17.0,6.2,3.1,38.2,0.148,3.9,18.4
10,2010,11.0,NOH,Cole Aldrich,University of Kansas,7,266,2942,959,995,160,0.531,0.0,0.743,11.1,3.6,3.7,0.6,8.6,0.14,1.3,2.4
11,2010,12.0,MEM,Xavier Henry,University of Kansas,5,185,2905,1050,351,120,0.406,0.325,0.635,15.7,5.7,1.9,0.6,0.8,0.013,-5.1,-2.3
12,2010,13.0,TOR,Ed Davis,University of North Carolina,7,447,9419,3112,2867,376,0.563,0.0,0.563,21.1,7.0,6.4,0.8,28.9,0.147,1.3,7.8
13,2010,14.0,HOU,Patrick Patterson,University of Kentucky,7,422,10147,3363,1997,525,0.463,0.36,0.749,24.0,8.0,4.7,1.2,22.0,0.104,0.7,6.9
14,2010,15.0,MIL,Larry Sanders,Virginia Commonwealth University,5,233,4622,1516,1341,174,0.48,0.0,0.55,19.8,6.5,5.8,0.7,10.3,0.107,0.6,3.1
15,2010,16.0,MIN,Luke Babbitt,"University of Nevada, Reno",7,273,3724,1282,631,163,0.402,0.397,0.75,13.6,4.7,2.3,0.6,4.6,0.06,-2.9,-0.9
16,2010,17.0,CHI,Kevin Seraphin,,7,382,5936,2312,1343,229,0.484,0.0,0.716,15.5,6.1,3.5,0.6,5.1,0.041,-3.9,-2.9
17,2010,18.0,OKC,Eric Bledsoe,University of Kentucky,7,363,9497,4292,1329,1563,0.448,0.33,0.781,26.2,11.8,3.7,4.3,18.8,0.095,1.6,8.7
18,2010,19.0,BOS,Avery Bradley,University of Texas at Austin,7,368,10146,4299,1013,617,0.439,0.362,0.781,27.6,11.7,2.8,1.7,12.2,0.058,-1.5,1.4
19,2010,20.0,SAS,James Anderson,Oklahoma State University,5,247,4320,1422,560,291,0.411,0.321,0.755,17.5,5.8,2.3,1.2,3.3,0.037,-2.8,-0.9
20,2010,21.0,OKC,Craig Brackins,Iowa State University,2,17,121,30,19,9,0.265,0.214,0.5,7.1,1.8,1.1,0.5,-0.2,-0.089,-9.1,-0.2
21,2010,22.0,POR,Elliot Williams,University of Memphis,4,109,1470,537,161,94,0.421,0.31,0.669,13.5,4.9,1.5,0.9,0.7,0.024,-5.3,-1.2
22,2010,23.0,MIN,Trevor Booker,Clemson University,7,404,8252,2649,2136,369,0.515,0.301,0.625,20.4,6.6,5.3,0.9,21.2,0.123,0.5,5.1
23,2010,24.0,ATL,Damion James,University of Texas at Austin,4,39,623,150,131,26,0.415,0.0,0.667,16.0,3.8,3.4,0.7,0.0,-0.001,-4.3,-0.4
24,2010,25.0,MEM,Dominique Jones,University of South Florida,3,80,741,246,114,144,0.366,0.095,0.729,9.3,3.1,1.4,1.8,0.3,0.017,-3.6,-0.3
25,2010,26.0,OKC,Quincy Pondexter,University of Washington,5,279,5042,1466,567,230,0.424,0.365,0.732,18.1,5.3,2.0,0.8,9.1,0.087,-1.0,1.2
26,2010,27.0,NJN,Jordan Crawford,Xavier University,4,257,6348,3132,665,813,0.405,0.306,0.828,24.7,12.2,2.6,3.2,5.2,0.039,-2.2,-0.4
27,2010,28.0,MEM,Greivis Vasquez,University of Maryland,7,401,9520,3591,1021,1935,0.418,0.349,0.817,23.7,9.0,2.5,4.8,12.6,0.064,-1.5,1.1
28,2010,29.0,ORL,Daniel Orton,University of Kentucky,3,51,542,143,126,24,0.485,0.0,0.597,10.6,2.8,2.5,0.5,1.0,0.093,-1.7,0.0
29,2010,30.0,WAS,Lazar Hayward,Marquette University,3,72,591,207,90,35,0.347,0.269,0.767,8.2,2.9,1.3,0.5,0.2,0.02,-4.6,-0.4
32,2010,31.0,NJN,Tibor Pleiss,,1,12,82,24,15,2,0.44,0.0,1.0,6.8,2.0,1.3,0.2,-0.1,-0.041,-8.1,-0.1
33,2010,32.0,MIA,Dexter Pittman,University of Texas at Austin,4,50,347,116,89,9,0.45,0.0,0.545,6.9,2.3,1.8,0.2,0.5,0.068,-6.0,-0.4
34,2010,33.0,SAC,Hassan Whiteside,Marshall University,5,150,3708,1815,1545,45,0.601,0.0,0.597,24.7,12.1,10.3,0.3,17.0,0.22,1.0,2.8
35,2010,34.0,POR,Armon Johnson,"University of Nevada, Reno",2,47,401,157,49,56,0.458,0.4,0.679,8.5,3.3,1.0,1.2,-0.1,-0.015,-6.2,-0.4
36,2010,35.0,WAS,Nemanja Bjelica,,2,70,1254,374,247,95,0.459,0.389,0.714,17.9,5.3,3.5,1.4,2.2,0.083,0.2,0.7
37,2010,36.0,DET,Terrico White,University of Mississippi,0,0,0,0,0,0,0.0,0.0,0.0,0.0,0.0,0.0,0.0,0.0,0.0,0.0,0.0
38,2010,37.0,MIL,Darington Hobson,University of New Mexico,1,5,39,4,3,6,0.154,0.0,0.0,7.8,0.8,0.6,1.2,-0.2,-0.225,-14.1,-0.1
39,2010,38.0,NYK,Andy Rautins,Syracuse University,1,5,24,8,1,3,0.429,0.25,0.5,4.8,1.6,0.2,0.6,-0.2,-0.314,-16.0,-0.1
40,2010,39.0,NYK,Landry Fields,Stanford University,5,255,6010,1731,1092,419,0.473,0.332,0.666,23.6,6.8,4.3,1.6,10.5,0.084,-0.1,2.8
41,2010,40.0,IND,Lance Stephenson,University of Cincinnati,7,346,8694,3042,1453,1051,0.451,0.305,0.691,25.1,8.8,4.2,3.0,13.7,0.076,-0.3,3.8
42,2010,41.0,MIA,Jarvis Varnado,Mississippi State University,2,37,397,107,72,16,0.582,0.0,0.518,10.7,2.9,1.9,0.4,0.7,0.089,-1.9,0.0
43,2010,42.0,MIA,Da'Sean Butler,West Virginia University,0,0,0,0,0,0,0.0,0.0,0.0,0.0,0.0,0.0,0.0,0.0,0.0,0.0,0.0
44,2010,43.0,LAL,Devin Ebanks,West Virginia University,3,63,711,224,122,24,0.385,0.222,0.722,11.3,3.6,1.9,0.4,0.5,0.035,-4.7,-0.5
45,2010,44.0,MIL,Jerome Jordan,University of Tulsa,2,65,491,180,132,17,0.528,0.0,0.852,7.6,2.8,2.0,0.3,1.7,0.168,0.0,0.2
46,2010,45.0,MIN,Paulao Prestes,,0,0,0,0,0,0,0.0,0.0,0.0,0.0,0.0,0.0,0.0,0.0,0.0,0.0,0.0
47,2010,46.0,PHO,Gani Lawal,Georgia Institute of Technology,1,1,2,0,0,0,0.0,0.0,0.0,2.0,0.0,0.0,0.0,0.0,-0.009,-4.9,0.0
48,2010,47.0,MIL,Tiny Gallon,University of Oklahoma,0,0,0,0,0,0,0.0,0.0,0.0,0.0,0.0,0.0,0.0,0.0,0.0,0.0,0.0
49,2010,48.0,MIA,Latavious Williams,,0,0,0,0,0,0,0.0,0.0,0.0,0.0,0.0,0.0,0.0,0.0,0.0,0.0,0.0
50,2010,49.0,SAS,Ryan Richards,,0,0,0,0,0,0,0.0,0.0,0.0,0.0,0.0,0.0,0.0,0.0,0.0,0.0,0.0
51,2010,50.0,DAL,Solomon Alabi,Florida State University,2,26,181,39,61,5,0.314,0.0,0.7,7.0,1.5,2.3,0.2,0.0,0.01,-5.4,-0.2
52,2010,51.0,OKC,Magnum Rolle,Louisiana Tech University,0,0,0,0,0,0,0.0,0.0,0.0,0.0,0.0,0.0,0.0,0.0,0.0,0.0,0.0
53,2010,52.0,BOS,Luke Harangody,University of Notre Dame,2,70,871,253,196,36,0.376,0.241,0.737,12.4,3.6,2.8,0.5,0.9,0.048,-3.3,-0.3
54,2010,53.0,ATL,Pape Sy,,1,3,21,7,3,2,0.333,0.0,1.0,7.0,2.3,1.0,0.7,0.0,-0.047,-6.0,0.0
55,2010,54.0,LAC,Willie Warren,University of Oklahoma,1,19,134,37,12,27,0.371,0.333,0.75,7.1,1.9,0.6,1.4,0.2,0.065,-4.5,-0.1
56,2010,55.0,UTA,Jeremy Evans,Western Kentucky University,6,249,2621,877,640,107,0.568,0.231,0.687,10.5,3.5,2.6,0.4,8.2,0.15,1.1,2.0
57,2010,56.0,MIN,Hamady N'Diaye,Rutgers University,3,33,157,20,25,3,0.467,0.0,0.462,4.8,0.6,0.8,0.1,0.0,0.013,-4.9,-0.1
58,2010,57.0,IND,Ryan Reid,Florida State University,1,5,17,8,2,0,0.8,0.0,0.0,3.4,1.6,0.4,0.0,0.1,0.142,-5.5,0.0
59,2010,58.0,LAL,Derrick Caracter,University of Texas at El Paso,1,41,215,81,43,7,0.485,0.0,0.739,5.2,2.0,1.0,0.2,0.3,0.057,-4.9,-0.2
60,2010,59.0,ORL,Stanley Robinson,University of Connecticut,0,0,0,0,0,0,0.0,0.0,0.0,0.0,0.0,0.0,0.0,0.0,0.0,0.0,0.0
61,2010,60.0,PHO,Dwayne Collins,University of Miami,0,0,0,0,0,0,0.0,0.0,0.0,0.0,0.0,0.0,0.0,0.0,0.0,0.0,0.0
0,2011,1.0,CLE,Kyrie Irving,Duke University,6,319,10845,6655,1096,1738,0.452,0.378,0.865,34.0,20.9,3.4,5.4,32.3,0.143,2.9,13.5
1,2011,2.0,MIN,Derrick Williams,University of Arizona,6,380,8109,3525,1569,267,0.433,0.298,0.713,21.3,9.3,4.1,0.7,13.1,0.077,-3.1,-2.2
2,2011,3.0,UTA,Enes Kanter,,6,384,8153,4132,2589,205,0.527,0.351,0.763,21.2,10.8,6.7,0.5,21.5,0.127,-2.8,-1.6
3,2011,4.0,CLE,Tristan Thompson,University of Texas at Austin,6,398,11326,3808,3408,315,0.504,0.0,0.627,28.5,9.6,8.6,0.8,28.7,0.122,-0.9,3.3
4,2011,5.0,TOR,Jonas Valanciunas,,5,291,7650,3309,2406,190,0.555,0.0,0.777,26.3,11.4,8.3,0.7,26.6,0.167,-0.4,3.0
5,2011,6.0,WAS,Jan Vesely,,3,162,2455,590,562,96,0.521,0.0,0.408,15.2,3.6,3.5,0.6,4.0,0.078,-0.6,0.9
6,2011,7.0,SAC,Bismack Biyombo,,6,376,7989,1736,2459,122,0.505,0.0,0.556,21.2,4.6,6.5,0.3,15.2,0.091,-2.1,-0.3
7,2011,8.0,DET,Brandon Knight,University of Kentucky,6,339,11074,5347,1189,1533,0.414,0.357,0.809,32.7,15.8,3.5,4.5,10.9,0.047,-1.0,2.7
8,2011,9.0,CHA,Kemba Walker,University of Connecticut,6,374,12596,6565,1439,2001,0.406,0.339,0.823,33.7,17.6,3.8,5.4,26.5,0.101,2.1,12.9
9,2011,10.0,MIL,Jimmer Fredette,Brigham Young University,5,235,3148,1416,236,323,0.412,0.381,0.876,13.4,6.0,1.0,1.4,2.4,0.037,-4.0,-1.6
10,2011,11.0,GSW,Klay Thompson,Washington State University,6,396,12878,7300,1298,910,0.45,0.417,0.854,32.5,18.4,3.3,2.3,29.7,0.111,0.4,7.9
11,2011,12.0,UTA,Alec Burks,University of Colorado,5,259,5965,2751,757,504,0.432,0.365,0.751,23.0,10.6,2.9,1.9,8.9,0.071,-1.9,0.2
12,2011,13.0,PHO,Markieff Morris,University of Kansas,6,381,9724,4406,2084,646,0.443,0.326,0.763,25.5,11.6,5.5,1.7,15.1,0.074,-0.6,3.5
13,2011,14.0,HOU,Marcus Morris,University of Kansas,6,348,8699,3567,1451,510,0.431,0.36,0.704,25.0,10.3,4.2,1.5,16.0,0.088,-0.2,3.9
14,2011,15.0,IND,Kawhi Leonard,San Diego State University,6,335,10048,4900,2102,673,0.497,0.392,0.839,30.0,14.6,6.3,2.0,43.8,0.209,5.9,20.1
15,2011,16.0,PHI,Nikola Vucevic,University of Southern California,6,335,10046,4831,3290,638,0.508,0.286,0.722,30.0,14.4,9.8,1.9,24.5,0.117,0.5,6.4
16,2011,17.0,NYK,Iman Shumpert,Georgia Institute of Technology,6,304,7762,2243,1084,616,0.396,0.337,0.76,25.5,7.4,3.6,2.0,10.2,0.063,0.1,4.1
17,2011,18.0,WAS,Chris Singleton,Florida State University,3,148,2605,612,472,92,0.376,0.319,0.633,17.6,4.1,3.2,0.6,2.3,0.042,-2.3,-0.2
18,2011,19.0,CHA,Tobias Harris,University of Tennessee,6,313,8877,4171,1805,485,0.466,0.327,0.804,28.4,13.3,5.8,1.5,19.8,0.107,-0.4,3.6
19,2011,20.0,MIN,Donatas Motiejunas,,4,214,4074,1676,848,236,0.475,0.308,0.612,19.0,7.8,4.0,1.1,7.0,0.083,-1.8,0.2
20,2011,21.0,POR,Nolan Smith,Duke University,2,84,829,277,83,97,0.371,0.26,0.714,9.9,3.3,1.0,1.2,-0.8,-0.047,-6.5,-0.9
21,2011,22.0,DEN,Kenneth Faried,Morehead State University,6,358,9482,4356,3113,387,0.542,0.125,0.649,26.5,12.2,8.7,1.1,30.9,0.156,1.6,8.5
22,2011,23.0,HOU,Nikola Mirotic,,3,159,3546,1723,829,209,0.407,0.353,0.807,22.3,10.8,5.2,1.3,10.3,0.14,1.1,2.8
23,2011,24.0,OKC,Reggie Jackson,Boston College,5,351,8463,4167,1112,1478,0.433,0.314,0.859,24.1,11.9,3.2,4.2,19.4,0.11,0.4,5.2
24,2011,25.0,BOS,MarShon Brooks,Providence College,3,164,2876,1261,358,232,0.442,0.326,0.748,17.5,7.7,2.2,1.4,2.5,0.041,-2.5,-0.4
25,2011,26.0,DAL,Jordan Hamilton,University of Texas at Austin,5,151,2100,890,429,127,0.408,0.357,0.67,13.9,5.9,2.8,0.8,3.0,0.069,-1.5,0.3
26,2011,27.0,NJN,JaJuan Johnson,Purdue University,1,36,298,114,58,6,0.446,0.0,0.667,8.3,3.2,1.6,0.2,0.2,0.032,-6.3,-0.3
27,2011,28.0,CHI,Norris Cole,Cleveland State University,5,347,7893,2463,691,967,0.409,0.326,0.741,22.7,7.1,2.0,2.8,3.1,0.019,-3.9,-3.8
28,2011,29.0,SAS,Cory Joseph,University of Texas at Austin,6,294,5276,1801,606,662,0.459,0.296,0.765,17.9,6.1,2.1,2.3,11.9,0.108,-0.5,2.1
29,2011,30.0,CHI,Jimmy Butler,Marquette University,6,334,10446,4662,1518,884,0.447,0.333,0.818,31.3,14.0,4.5,2.6,37.9,0.174,3.3,14.0
32,2011,31.0,MIA,Bojan Bogdanovic,,3,168,4280,1751,506,179,0.442,0.366,0.841,25.5,10.4,3.0,1.1,3.9,0.044,-2.6,-0.6
33,2011,32.0,CLE,Justin Harper,University of Richmond,2,19,119,33,13,2,0.317,0.273,0.333,6.3,1.7,0.7,0.1,-0.2,-0.091,-8.3,-0.2
34,2011,33.0,DET,Kyle Singler,Duke University,5,320,7455,2236,981,262,0.418,0.366,0.794,23.3,7.0,3.1,0.8,9.7,0.063,-1.4,1.1
35,2011,34.0,WAS,Shelvin Mack,Butler University,6,287,4823,1762,525,843,0.423,0.325,0.765,16.8,6.1,1.8,2.9,6.4,0.064,-2.6,-0.7
36,2011,35.0,SAC,Tyler Honeycutt,"University of California, Los Angeles",2,24,120,28,24,9,0.314,0.2,0.714,5.0,1.2,1.0,0.4,-0.1,-0.049,-6.4,-0.1
37,2011,36.0,NJN,Jordan Williams,University of Maryland,1,43,635,197,156,11,0.507,0.0,0.652,14.8,4.6,3.6,0.3,1.3,0.101,-3.1,-0.2
38,2011,37.0,LAC,Trey Thompkins,University of Georgia,1,24,119,57,24,3,0.393,0.308,0.714,5.0,2.4,1.0,0.1,0.0,0.004,-8.9,-0.2
39,2011,38.0,HOU,Chandler Parsons,University of Florida,6,344,11419,4906,1735,1035,0.473,0.378,0.706,33.2,14.3,5.0,3.0,27.6,0.116,2.3,12.4
40,2011,39.0,CHA,Jeremy Tyler,,3,104,1034,373,269,25,0.45,0.0,0.557,9.9,3.6,2.6,0.2,0.3,0.014,-6.6,-1.2
41,2011,40.0,MIL,Jon Leuer,University of Wisconsin,6,264,3758,1540,969,184,0.48,0.364,0.725,14.2,5.8,3.7,0.7,8.6,0.11,-1.5,0.5
42,2011,41.0,LAL,Darius Morris,University of Michigan,4,132,1464,430,126,189,0.384,0.322,0.63,11.1,3.3,1.0,1.4,-0.3,-0.01,-5.6,-1.3
43,2011,42.0,IND,Davis Bertans,,1,8,76,14,11,1,0.294,0.333,0.0,9.5,1.8,1.4,0.1,0.0,-0.006,-3.4,0.0
44,2011,43.0,CHI,Malcolm Lee,"University of California, Los Angeles",3,36,534,140,65,51,0.382,0.294,0.703,14.8,3.9,1.8,1.4,0.4,0.04,-2.0,0.0
45,2011,44.0,GSW,Charles Jenkins,Hofstra University,2,110,1334,408,100,214,0.434,0.182,0.754,12.1,3.7,0.9,1.9,0.5,0.017,-5.9,-1.3
46,2011,45.0,NOH,Josh Harrellson,University of Kentucky,3,75,888,265,227,26,0.438,0.347,0.629,11.8,3.5,3.0,0.3,2.1,0.116,-0.7,0.3
47,2011,46.0,LAL,Andrew Goudelock,College of Charleston,3,49,475,197,34,24,0.393,0.345,0.875,9.7,4.0,0.7,0.5,0.0,0.003,-6.5,-0.5
48,2011,47.0,LAC,Travis Leslie,University of Georgia,1,10,45,14,9,5,0.357,0.0,0.444,4.5,1.4,0.9,0.5,0.1,0.06,-0.2,0.0
49,2011,48.0,ATL,Keith Benson,Oakland University,1,3,9,0,3,0,0.0,0.0,0.0,3.0,0.0,1.0,0.0,0.0,-0.005,-10.4,0.0
50,2011,49.0,MEM,Josh Selby,University of Kansas,2,38,296,83,20,34,0.33,0.143,0.72,7.8,2.2,0.5,0.9,-0.7,-0.113,-10.1,-0.6
51,2011,50.0,PHI,Lavoy Allen,Temple University,6,338,6209,1694,1656,341,0.47,0.133,0.677,18.4,5.0,4.9,1.0,12.2,0.094,-1.4,0.9
52,2011,51.0,POR,Jon Diebler,Ohio State University,0,0,0,0,0,0,0.0,0.0,0.0,0.0,0.0,0.0,0.0,0.0,0.0,0.0,0.0
53,2011,52.0,DET,Vernon Macklin,University of Florida,1,23,135,46,34,5,0.543,0.0,0.571,5.9,2.0,1.5,0.2,0.5,0.161,-0.6,0.0
54,2011,53.0,ORL,DeAndre Liggins,University of Kentucky,4,61,420,97,72,23,0.474,0.304,0.486,6.9,1.6,1.2,0.4,0.6,0.074,-1.2,0.1
55,2011,54.0,CLE,Milan Macvan,,0,0,0,0,0,0,0.0,0.0,0.0,0.0,0.0,0.0,0.0,0.0,0.0,0.0,0.0
56,2011,55.0,BOS,E'Twaun Moore,Purdue University,6,317,5585,1914,531,513,0.429,0.367,0.748,17.6,6.0,1.7,1.6,5.1,0.044,-2.6,-0.8
57,2011,56.0,LAL,Chukwudiebere Maduabum,,0,0,0,0,0,0,0.0,0.0,0.0,0.0,0.0,0.0,0.0,0.0,0.0,0.0,0.0
58,2011,57.0,DAL,Targuy Ngombo,,0,0,0,0,0,0,0.0,0.0,0.0,0.0,0.0,0.0,0.0,0.0,0.0,0.0,0.0
59,2011,58.0,LAL,Ater Majok,,0,0,0,0,0,0,0.0,0.0,0.0,0.0,0.0,0.0,0.0,0.0,0.0,0.0,0.0
60,2011,59.0,SAS,Adam Hanga,,0,0,0,0,0,0,0.0,0.0,0.0,0.0,0.0,0.0,0.0,0.0,0.0,0.0,0.0
61,2011,60.0,SAC,Isaiah Thomas,University of Washington,6,375,10979,6507,963,1896,0.438,0.361,0.864,29.3,17.4,2.6,5.1,34.4,0.151,1.8,10.5
0,2012,1.0,NOH,Anthony Davis,University of Kentucky,5,271,9237,5734,2642,452,0.514,0.266,0.783,34.1,21.2,9.7,1.7,39.5,0.205,4.2,14.4
1,2012,2.0,CHA,Michael Kidd-Gilchrist,University of Kentucky,5,211,5599,1916,1312,263,0.466,0.214,0.693,26.5,9.1,6.2,1.2,10.4,0.089,-1.3,0.9
2,2012,3.0,WAS,Bradley Beal,University of Florida,5,254,8309,4057,928,753,0.424,0.394,0.783,32.7,16.0,3.7,3.0,13.6,0.079,-0.4,3.3
3,2012,4.0,CLE,Dion Waiters,Syracuse University,5,299,8506,3824,768,743,0.409,0.335,0.702,28.4,12.8,2.6,2.5,5.3,0.03,-2.8,-1.7
4,2012,5.0,SAC,Thomas Robinson,University of Kansas,5,271,3666,1291,1290,160,0.459,0.0,0.511,13.5,4.8,4.8,0.6,3.7,0.049,-3.4,-1.3
5,2012,6.0,POR,Damian Lillard,Weber State University,5,333,12138,7213,1285,2062,0.428,0.37,0.873,36.5,21.7,3.9,6.2,37.1,0.147,2.9,15.1
6,2012,7.0,GSW,Harrison Barnes,University of North Carolina,5,316,8962,3288,1475,455,0.449,0.374,0.748,28.4,10.4,4.7,1.4,18.6,0.1,-0.8,2.8
7,2012,8.0,TOR,Terrence Ross,University of Washington,5,318,7405,2964,826,280,0.421,0.377,0.802,23.3,9.3,2.6,0.9,11.8,0.076,-0.9,2.0
8,2012,9.0,DET,Andre Drummond,University of Connecticut,5,314,9332,4164,3973,200,0.552,0.308,0.385,29.7,13.3,12.7,0.6,30.5,0.157,0.7,6.3
9,2012,10.0,NOH,Austin Rivers,Duke University,5,284,6040,2115,540,567,0.407,0.323,0.633,21.3,7.4,1.9,2.0,3.1,0.024,-3.6,-2.4
10,2012,11.0,POR,Meyers Leonard,University of Illinois at Urbana-Champaign,5,235,3903,1359,960,187,0.481,0.372,0.818,16.6,5.8,4.1,0.8,7.8,0.096,-1.9,0.1
11,2012,12.0,HOU,Jeremy Lamb,University of Connecticut,5,217,3586,1632,578,244,0.432,0.332,0.804,16.5,7.5,2.7,1.1,7.9,0.105,-1.3,0.6
12,2012,13.0,PHO,Kendall Marshall,University of North Carolina,4,160,3083,802,253,779,0.399,0.37,0.611,19.3,5.0,1.6,4.9,1.0,0.015,-5.6,-2.8
13,2012,14.0,MIL,John Henson,University of North Carolina,5,265,4987,2053,1369,265,0.536,0.0,0.547,18.8,7.7,5.2,1.0,11.2,0.108,0.6,3.2
14,2012,15.0,PHI,Maurice Harkless,St. John's University,5,291,6421,2007,1044,234,0.461,0.308,0.594,22.1,6.9,3.6,0.8,9.0,0.067,-0.7,2.1
15,2012,16.0,HOU,Royce White,Iowa State University,1,3,9,0,0,0,0.0,0.0,0.0,3.0,0.0,0.0,0.0,0.0,-0.121,-10.4,0.0
16,2012,17.0,DAL,Tyler Zeller,University of North Carolina,5,299,5706,2279,1407,289,0.501,0.0,0.777,19.1,7.6,4.7,1.0,13.3,0.112,-1.4,0.9
17,2012,18.0,HOU,Terrence Jones,University of Kentucky,5,188,4513,1930,1076,193,0.509,0.3,0.626,24.0,10.3,5.7,1.0,12.8,0.136,0.6,2.9
18,2012,19.0,ORL,Andrew Nicholson,St. Bonaventure University,5,253,3813,1630,813,117,0.472,0.332,0.77,15.1,6.4,3.2,0.5,4.0,0.05,-5.2,-3.1
19,2012,20.0,DEN,Evan Fournier,,5,262,6532,2942,644,522,0.447,0.387,0.789,24.9,11.2,2.5,2.0,10.6,0.078,-1.0,1.7
20,2012,21.0,BOS,Jared Sullinger,Ohio State University,4,258,6414,2856,1979,474,0.439,0.276,0.727,24.9,11.1,7.7,1.8,15.4,0.115,0.6,4.3
21,2012,22.0,BOS,Fab Melo,Syracuse University,1,6,36,7,3,0,0.5,0.0,0.25,6.0,1.2,0.5,0.0,0.0,0.021,-5.8,0.0
22,2012,23.0,ATL,John Jenkins,Vanderbilt University,5,142,1839,727,212,115,0.448,0.362,0.846,13.0,5.1,1.5,0.8,2.7,0.07,-3.6,-0.7
23,2012,24.0,CLE,Jared Cunningham,Oregon State University,4,84,605,197,56,39,0.347,0.306,0.674,7.2,2.3,0.7,0.5,0.2,0.017,-5.9,-0.6
24,2012,25.0,MEM,Tony Wroten,University of Washington,4,145,3076,1604,363,437,0.413,0.231,0.647,21.2,11.1,2.5,3.0,-1.3,-0.021,-4.1,-1.6
25,2012,26.0,IND,Miles Plumlee,Duke University,5,237,4206,1294,1221,104,0.532,0.0,0.557,17.7,5.5,5.2,0.4,8.9,0.102,-1.3,0.7
26,2012,27.0,MIA,Arnett Moultrie,Mississippi State University,2,59,729,210,180,12,0.547,0.0,0.667,12.4,3.6,3.1,0.2,1.7,0.113,-3.0,-0.2
27,2012,28.0,OKC,Perry Jones,Baylor University,3,143,1675,488,252,54,0.42,0.293,0.66,11.7,3.4,1.8,0.4,1.7,0.048,-4.6,-1.1
28,2012,29.0,CHI,Marquis Teague,University of Kentucky,2,88,835,206,84,121,0.349,0.22,0.686,9.5,2.3,1.0,1.4,-0.8,-0.046,-8.1,-1.3
29,2012,30.0,GSW,Festus Ezeli,Vanderbilt University,3,170,2394,712,725,63,0.513,0.0,0.557,14.1,4.2,4.3,0.4,5.9,0.119,-1.1,0.6
32,2012,31.0,CHA,Jeff Taylor,Vanderbilt University,3,132,2566,807,263,107,0.409,0.319,0.665,19.4,6.1,2.0,0.8,1.3,0.024,-3.9,-1.2
33,2012,32.0,WAS,Tomas Satoransky,,1,9,165,42,19,24,0.4,0.125,0.833,18.3,4.7,2.1,2.7,0.1,0.024,-3.0,0.0
34,2012,33.0,CLE,Bernard James,Florida State University,3,92,761,203,212,13,0.497,0.0,0.68,8.3,2.2,2.3,0.1,1.9,0.117,-1.1,0.2
35,2012,34.0,CLE,Jae Crowder,Marquette University,5,315,6671,2468,1072,391,0.428,0.327,0.776,21.2,7.8,3.4,1.2,15.4,0.111,1.2,5.3
36,2012,35.0,GSW,Draymond Green,Michigan State University,5,331,8488,2899,2186,1165,0.439,0.342,0.693,25.6,8.8,6.6,3.5,26.1,0.147,3.8,12.5
37,2012,36.0,SAC,Orlando Johnson,"University of California, Santa Barbara",3,103,1112,329,180,69,0.358,0.311,0.727,10.8,3.2,1.7,0.7,1.4,0.059,-3.8,-0.5
38,2012,37.0,TOR,Quincy Acy,Baylor University,5,225,3400,1005,790,134,0.494,0.321,0.749,15.1,4.5,3.5,0.6,6.7,0.095,-1.5,0.4
39,2012,38.0,DEN,Quincy Miller,Baylor University,3,69,934,295,169,37,0.35,0.292,0.706,13.5,4.3,2.4,0.5,-0.1,-0.003,-4.0,-0.5
40,2012,39.0,DET,Khris Middleton,Texas A&M University,4,267,8165,3644,1009,710,0.449,0.4,0.873,30.6,13.6,3.8,2.7,16.4,0.096,0.0,4.1
41,2012,40.0,POR,Will Barton,University of Memphis,5,257,4723,2090,872,383,0.422,0.307,0.803,18.4,8.1,3.4,1.5,6.2,0.063,-1.5,0.6
42,2012,41.0,POR,Tyshawn Taylor,University of Kansas,2,61,491,174,33,57,0.354,0.36,0.684,8.0,2.9,0.5,0.9,-0.9,-0.088,-8.8,-0.8
43,2012,42.0,MIL,Doron Lamb,University of Kentucky,2,100,1272,345,95,75,0.381,0.394,0.7,12.7,3.5,1.0,0.8,0.1,0.005,-5.9,-1.2
44,2012,43.0,ATL,Mike Scott,University of Virginia,4,263,4127,1943,799,240,0.466,0.345,0.784,15.7,7.4,3.0,0.9,9.3,0.108,-2.2,-0.3
45,2012,44.0,DET,Kim English,University of Missouri,1,41,407,119,37,26,0.375,0.28,0.724,9.9,2.9,0.9,0.6,0.2,0.021,-4.2,-0.2
46,2012,45.0,PHI,Justin Hamilton,Louisiana State University,3,60,1044,342,197,44,0.483,0.378,0.836,17.4,5.7,3.3,0.7,2.4,0.109,0.7,0.7
47,2012,46.0,NOH,Darius Miller,University of Kentucky,3,102,1460,320,131,89,0.42,0.351,0.841,14.3,3.1,1.3,0.9,1.2,0.04,-2.5,-0.2
48,2012,47.0,UTA,Kevin Murphy,Tennessee Technological University,1,17,52,15,4,2,0.25,0.2,0.0,3.1,0.9,0.2,0.1,-0.3,-0.272,-17.6,-0.2
49,2012,48.0,NYK,Kostas Papanikolaou,,2,69,1089,249,158,101,0.354,0.297,0.688,15.8,3.6,2.3,1.5,0.3,0.015,-2.8,-0.2
50,2012,49.0,ORL,Kyle O'Quinn,Norfolk State University,5,252,3514,1309,1051,267,0.495,0.239,0.721,13.9,5.2,4.2,1.1,7.4,0.102,0.2,2.0
51,2012,50.0,DEN,Izzet Turkyilmaz,,0,0,0,0,0,0,0.0,0.0,0.0,0.0,0.0,0.0,0.0,0.0,0.0,0.0,0.0
52,2012,51.0,BOS,Kris Joseph,Syracuse University,1,10,54,9,7,1,0.143,0.0,0.625,5.4,0.9,0.7,0.1,-0.1,-0.127,-10.5,-0.1
53,2012,52.0,GSW,Ognjen Kuzmic,,2,37,164,35,38,8,0.52,0.0,0.6,4.4,0.9,1.0,0.2,0.2,0.061,-2.5,0.0
54,2012,53.0,LAC,Furkan Aldemir,,1,41,540,93,176,28,0.513,0.0,0.481,13.2,2.3,4.3,0.7,1.4,0.122,-0.7,0.2
55,2012,54.0,PHI,Tornike Shengelia,,2,45,247,59,39,17,0.451,0.125,0.5,5.5,1.3,0.9,0.4,-0.2,-0.032,-6.6,-0.3
56,2012,55.0,DAL,Darius Johnson-Odom,Marquette University,2,7,21,0,6,2,0.0,0.0,0.0,3.0,0.0,0.9,0.3,-0.3,-0.597,-23.2,-0.1
57,2012,56.0,TOR,Tomislav Zubcic,,0,0,0,0,0,0,0.0,0.0,0.0,0.0,0.0,0.0,0.0,0.0,0.0,0.0,0.0
58,2012,57.0,NJN,Ilkan Karaman,,0,0,0,0,0,0,0.0,0.0,0.0,0.0,0.0,0.0,0.0,0.0,0.0,0.0,0.0
59,2012,58.0,MIN,Robbie Hummel,Purdue University,2,98,1397,379,266,50,0.418,0.343,0.867,14.3,3.9,2.7,0.5,1.9,0.066,-2.9,-0.3
60,2012,59.0,SAS,Marcus Denmon,University of Missouri,0,0,0,0,0,0,0.0,0.0,0.0,0.0,0.0,0.0,0.0,0.0,0.0,0.0,0.0
61,2012,60.0,LAL,Robert Sacre,Gonzaga University,4,189,2745,787,593,126,0.436,0.0,0.671,14.5,4.2,3.1,0.7,2.4,0.042,-3.1,-0.8
0,2013,1.0,CLE,Anthony Bennett,"University of Nevada, Las Vegas",4,134,1705,571,408,69,0.385,0.259,0.664,12.7,4.3,3.0,0.5,0.1,0.002,-5.9,-1.7
1,2013,2.0,ORL,Victor Oladipo,Indiana University,4,235,7801,3718,1013,921,0.43,0.341,0.804,33.2,15.8,4.3,3.9,10.2,0.062,0.2,4.2
2,2013,3.0,WAS,Otto Porter,Georgetown University,4,195,4334,1531,739,210,0.465,0.348,0.746,22.2,7.9,3.8,1.1,9.6,0.106,0.7,2.9
3,2013,4.0,CHA,Cody Zeller,Indiana University,4,227,4904,1706,1220,276,0.479,0.167,0.745,21.6,7.5,5.4,1.2,13.8,0.135,0.2,2.7
4,2013,5.0,PHO,Alex Len,University of Maryland,4,200,3938,1317,1234,142,0.451,0.182,0.713,19.7,6.6,6.2,0.7,5.4,0.066,-2.7,-0.7
5,2013,6.0,NOH,Nerlens Noel,University of Kentucky,2,142,4276,1491,1153,250,0.49,0.5,0.6,30.1,10.5,8.1,1.8,7.0,0.079,0.7,3.0
6,2013,7.0,SAC,Ben McLemore,University of Kansas,4,241,6473,2314,638,311,0.415,0.345,0.785,26.9,9.6,2.6,1.3,3.7,0.027,-2.3,-0.4
7,2013,8.0,DET,Kentavious Caldwell-Pope,University of Georgia,4,249,7327,2764,725,329,0.407,0.329,0.768,29.4,11.1,2.9,1.3,10.8,0.071,-0.3,3.2
8,2013,9.0,MIN,Trey Burke,University of Michigan,4,219,6041,2595,531,884,0.386,0.33,0.812,27.6,11.8,2.4,4.0,5.5,0.044,-2.2,-0.3
9,2013,10.0,POR,C.J. McCollum,Lehigh University,4,192,4642,2551,449,470,0.445,0.411,0.792,24.2,13.3,2.3,2.4,8.9,0.093,-0.2,2.1
10,2013,11.0,PHI,Michael Carter-Williams,Syracuse University,4,193,6257,2768,1075,1172,0.411,0.256,0.691,32.4,14.3,5.6,6.1,3.2,0.025,-0.6,2.3
11,2013,12.0,OKC,Steven Adams,University of Pittsburgh,4,242,5331,1547,1482,180,0.561,0.0,0.567,22.0,6.4,6.1,0.7,14.4,0.129,1.0,4.1
12,2013,13.0,DAL,Kelly Olynyk,Gonzaga University,4,207,4337,1992,976,332,0.463,0.369,0.747,21.0,9.6,4.7,1.6,10.6,0.117,1.1,3.4
13,2013,14.0,UTA,Shabazz Muhammad,"University of California, Los Angeles",4,165,2975,1581,492,104,0.472,0.317,0.742,18.0,9.6,3.0,0.6,5.3,0.085,-3.7,-1.3
14,2013,15.0,MIL,Giannis Antetokounmpo,,4,247,7562,3097,1567,750,0.486,0.274,0.723,30.6,12.5,6.3,3.0,15.8,0.101,0.9,5.6
15,2013,16.0,BOS,Lucas Nogueira,,3,40,361,104,90,11,0.652,0.333,0.565,9.0,2.6,2.3,0.3,1.3,0.172,3.8,0.5
16,2013,17.0,ATL,Dennis Schroder,,4,216,4080,1995,463,819,0.422,0.332,0.791,18.9,9.2,2.1,3.8,4.7,0.055,-2.8,-0.8
17,2013,18.0,ATL,Shane Larkin,University of Miami,3,202,4105,1168,398,639,0.43,0.328,0.762,20.3,5.8,2.0,3.2,3.0,0.035,-2.6,-0.6
18,2013,19.0,CLE,Sergey Karasev,,3,95,1110,287,140,87,0.395,0.282,0.842,11.7,3.0,1.5,0.9,0.8,0.036,-3.1,-0.3
19,2013,20.0,CHI,Tony Snell,University of New Mexico,4,221,4171,1180,529,202,0.395,0.344,0.817,18.9,5.3,2.4,0.9,4.5,0.051,-2.9,-1.0
20,2013,21.0,UTA,Gorgui Dieng,University of Louisville,4,225,5537,1913,1577,353,0.518,0.258,0.778,24.6,8.5,7.0,1.6,13.6,0.118,2.2,5.8
21,2013,22.0,BRK,Mason Plumlee,Duke University,4,246,5412,2096,1518,410,0.567,0.0,0.581,22.0,8.5,6.2,1.7,16.3,0.144,2.0,5.4
22,2013,23.0,IND,Solomon Hill,University of Arizona,4,180,3765,1081,563,279,0.404,0.322,0.822,20.9,6.0,3.1,1.6,6.1,0.078,-0.5,1.4
23,2013,24.0,NYK,Tim Hardaway,University of Michigan,4,212,4633,2080,385,258,0.416,0.35,0.814,21.9,9.8,1.8,1.2,6.6,0.069,-2.7,-0.9
24,2013,25.0,LAC,Reggie Bullock,University of North Carolina,3,116,1162,306,172,47,0.381,0.343,0.818,10.0,2.6,1.5,0.4,1.5,0.061,-2.7,-0.2
25,2013,26.0,MIN,Andre Roberson,University of Colorado,4,188,3555,714,653,142,0.479,0.283,0.523,18.9,3.8,3.5,0.8,7.0,0.094,0.8,2.5
26,2013,27.0,DEN,Rudy Gobert,,4,200,4882,1462,1721,221,0.577,0.0,0.588,24.4,7.3,8.6,1.1,17.6,0.173,3.9,7.3
27,2013,28.0,SAS,Livio Jean-Charles,,0,0,0,0,0,0,0.0,0.0,0.0,0.0,0.0,0.0,0.0,0.0,0.0,0.0,0.0
28,2013,29.0,OKC,Archie Goodwin,University of Kentucky,4,152,2207,945,303,183,0.419,0.23,0.698,14.5,6.2,2.0,1.2,0.6,0.013,-4.5,-1.4
29,2013,30.0,PHO,Nemanja Nedovic,,1,24,142,26,15,13,0.205,0.167,0.875,5.9,1.1,0.6,0.5,-0.4,-0.132,-10.6,-0.3
32,2013,31.0,CLE,Allen Crabbe,University of California,4,159,3251,1148,332,167,0.448,0.383,0.851,20.4,7.2,2.1,1.1,6.1,0.09,-0.8,1.0
33,2013,32.0,OKC,Alex Abrines,,1,10,131,43,13,4,0.342,0.296,0.9,13.1,4.3,1.3,0.4,0.0,0.011,-5.1,-0.1
34,2013,33.0,CLE,Carrick Felix,Arizona State University,1,7,38,19,6,4,0.5,0.4,0.75,5.4,2.7,0.9,0.6,0.0,0.057,-4.7,0.0
35,2013,34.0,HOU,Isaiah Canaan,Murray State University,4,157,3349,1449,302,273,0.37,0.361,0.82,21.3,9.2,1.9,1.7,3.6,0.052,-2.4,-0.4
36,2013,35.0,PHI,Glen Rice,Georgia Institute of Technology,2,16,152,43,24,9,0.269,0.25,0.692,9.5,2.7,1.5,0.6,-0.2,-0.065,-7.3,-0.2
37,2013,36.0,SAC,Ray McCallum,University of Detroit Mercy,3,154,2808,920,306,368,0.408,0.335,0.711,18.2,6.0,2.0,2.4,2.1,0.035,-2.8,-0.6
38,2013,37.0,DET,Tony Mitchell,University of North Texas,1,21,79,22,26,2,0.417,1.0,0.579,3.8,1.0,1.2,0.1,0.2,0.151,1.3,0.1
39,2013,38.0,WAS,Nate Wolters,South Dakota State University,2,79,1556,459,183,208,0.426,0.261,0.635,19.7,5.8,2.3,2.6,1.0,0.03,-3.9,-0.7
40,2013,39.0,POR,Jeff Withey,University of Kansas,4,154,1659,520,397,59,0.529,0.0,0.716,10.8,3.4,2.6,0.4,5.2,0.15,0.8,1.2
41,2013,40.0,POR,Grant Jerrett,University of Arizona,1,8,51,16,9,3,0.269,0.067,1.0,6.4,2.0,1.1,0.4,-0.1,-0.128,-8.4,-0.1
42,2013,41.0,MEM,Jamaal Franklin,San Diego State University,2,24,174,42,25,9,0.415,0.462,1.0,7.3,1.8,1.0,0.4,0.0,-0.006,-5.4,-0.1
43,2013,42.0,PHI,Pierre Jackson,Baylor University,0,0,0,0,0,0,0.0,0.0,0.0,0.0,0.0,0.0,0.0,0.0,0.0,0.0,0.0
44,2013,43.0,MIL,Ricky Ledo,Providence College,2,28,277,109,38,21,0.336,0.371,0.769,9.9,3.9,1.4,0.8,-0.6,-0.096,-7.8,-0.4
45,2013,44.0,DAL,Mike Muscala,Bucknell University,4,130,1486,561,334,83,0.525,0.338,0.848,11.4,4.3,2.6,0.6,4.9,0.157,0.6,1.0
46,2013,45.0,POR,Marko Todorovic,,0,0,0,0,0,0,0.0,0.0,0.0,0.0,0.0,0.0,0.0,0.0,0.0,0.0,0.0
47,2013,46.0,UTA,Erick Green,Virginia Polytechnic Institute and State University,2,52,452,159,37,42,0.377,0.288,0.857,8.7,3.1,0.7,0.8,0.1,0.011,-5.1,-0.3
48,2013,47.0,ATL,Raul Neto,,2,85,1509,476,122,176,0.429,0.393,0.743,17.8,5.6,1.4,2.1,1.8,0.056,-2.4,-0.1
49,2013,48.0,LAL,Ryan Kelly,Duke University,4,149,3020,956,486,208,0.381,0.313,0.796,20.3,6.4,3.3,1.4,3.0,0.047,-2.2,-0.1
50,2013,49.0,CHI,Erik Murphy,University of Florida,1,24,62,6,8,2,0.231,0.0,0.0,2.6,0.3,0.3,0.1,-0.1,-0.055,-8.1,-0.1
51,2013,50.0,ATL,James Ennis,"California State University, Long Beach",3,94,1678,565,276,79,0.436,0.37,0.812,17.9,6.0,2.9,0.8,3.5,0.101,-0.4,0.7
52,2013,51.0,ORL,Romero Osby,University of Oklahoma,0,0,0,0,0,0,0.0,0.0,0.0,0.0,0.0,0.0,0.0,0.0,0.0,0.0,0.0
53,2013,52.0,MIN,Lorenzo Brown,North Carolina State University,3,63,834,206,105,142,0.369,0.152,0.667,13.2,3.3,1.7,2.3,-0.2,-0.013,-4.2,-0.5
54,2013,53.0,IND,Colton Iverson,Colorado State University,0,0,0,0,0,0,0.0,0.0,0.0,0.0,0.0,0.0,0.0,0.0,0.0,0.0,0.0
55,2013,54.0,WAS,Arsalan Kazemi,University of Oregon,0,0,0,0,0,0,0.0,0.0,0.0,0.0,0.0,0.0,0.0,0.0,0.0,0.0,0.0
56,2013,55.0,MEM,Joffrey Lauvergne,,3,92,1440,596,395,77,0.485,0.265,0.812,15.7,6.5,4.3,0.8,2.6,0.086,-2.4,-0.2
57,2013,56.0,DET,Peyton Siva,University of Louisville,1,24,224,54,14,34,0.316,0.28,0.733,9.3,2.3,0.6,1.4,-0.2,-0.032,-7.3,-0.3
58,2013,57.0,PHO,Alex Oriakhi,University of Missouri,0,0,0,0,0,0,0.0,0.0,0.0,0.0,0.0,0.0,0.0,0.0,0.0,0.0,0.0
59,2013,58.0,SAS,Deshaun Thomas,Ohio State University,0,0,0,0,0,0,0.0,0.0,0.0,0.0,0.0,0.0,0.0,0.0,0.0,0.0,0.0
60,2013,59.0,MIN,Bojan Dubljevic,,0,0,0,0,0,0,0.0,0.0,0.0,0.0,0.0,0.0,0.0,0.0,0.0,0.0,0.0
61,2013,60.0,MEM,Janis Timma,,0,0,0,0,0,0,0.0,0.0,0.0,0.0,0.0,0.0,0.0,0.0,0.0,0.0,0.0
0,2014,1.0,CLE,Andrew Wiggins,University of Kansas,3,173,6176,3328,705,357,0.45,0.329,0.758,35.7,19.2,4.1,2.1,7.2,0.056,-2.1,-0.2
1,2014,2.0,MIL,Jabari Parker,Duke University,3,110,3435,1550,589,189,0.49,0.284,0.766,31.2,14.1,5.4,1.7,5.7,0.08,-2.1,-0.1
2,2014,3.0,PHI,Joel Embiid,University of Kansas,1,7,155,126,51,9,0.465,0.5,0.796,22.1,18.0,7.3,1.3,0.1,0.023,-0.8,0.0
3,2014,4.0,ORL,Aaron Gordon,University of Arizona,3,136,2966,1082,729,185,0.462,0.291,0.682,21.8,8.0,5.4,1.4,6.8,0.111,0.4,1.8
4,2014,5.0,UTA,Dante Exum,,2,94,2070,473,160,218,0.36,0.315,0.688,22.0,5.0,1.7,2.3,0.3,0.008,-3.5,-0.8
5,2014,6.0,BOS,Marcus Smart,Oklahoma State University,3,135,3705,1171,506,418,0.361,0.3,0.709,27.4,8.7,3.7,3.1,5.9,0.077,0.8,2.6
6,2014,7.0,LAL,Julius Randle,University of Kentucky,3,94,2639,1091,933,189,0.444,0.267,0.72,28.1,11.6,9.9,2.0,2.6,0.048,-2.9,-0.6
7,2014,8.0,SAC,Nik Stauskas,University of Michigan,3,156,3175,1019,296,216,0.385,0.327,0.804,20.4,6.5,1.9,1.4,1.1,0.016,-3.6,-1.3
8,2014,9.0,CHH,Noah Vonleh,Indiana University,3,112,1536,399,422,35,0.41,0.284,0.732,13.7,3.6,3.8,0.3,1.5,0.048,-4.7,-1.0
9,2014,10.0,PHI,Elfrid Payton,University of Louisiana at Lafayette,3,166,4969,1639,650,1065,0.43,0.293,0.574,29.9,9.9,3.9,6.4,4.8,0.047,-1.0,1.2
10,2014,11.0,DEN,Doug McDermott,Creighton University,3,126,2395,968,262,77,0.451,0.407,0.833,19.0,7.7,2.1,0.6,3.5,0.069,-3.5,-0.9
11,2014,12.0,ORL,Dario Saric,,1,10,269,97,60,18,0.388,0.462,0.75,26.9,9.7,6.0,1.8,-0.3,-0.045,-5.0,-0.2
12,2014,13.0,MIN,Zach LaVine,"University of California, Los Angeles",3,168,4507,2105,474,549,0.441,0.383,0.819,26.8,12.5,2.8,3.3,2.9,0.031,-2.5,-0.6
13,2014,14.0,PHO,T.J. Warren,North Carolina State University,3,98,2077,980,287,82,0.502,0.345,0.744,21.2,10.0,2.9,0.8,4.3,0.099,-1.1,0.5
14,2014,15.0,ATL,Adreian Payne,Michigan State University,3,88,1253,368,280,60,0.4,0.261,0.675,14.2,4.2,3.2,0.7,-0.8,-0.031,-5.8,-1.2
15,2014,16.0,CHI,Jusuf Nurkic,,3,104,1882,797,637,102,0.442,0.0,0.623,18.1,7.7,6.1,1.0,2.3,0.058,-0.8,0.6
16,2014,17.0,BOS,James Young,University of Kentucky,3,67,572,146,75,24,0.351,0.26,0.515,8.5,2.2,1.1,0.4,0.5,0.04,-3.8,-0.3
17,2014,18.0,PHO,Tyler Ennis,Syracuse University,3,89,1162,354,119,184,0.407,0.297,0.721,13.1,4.0,1.3,2.1,-0.1,-0.005,-5.8,-1.1
18,2014,19.0,CHI,Gary Harris,Michigan State University,3,136,3272,1174,300,188,0.434,0.315,0.792,24.1,8.6,2.2,1.4,3.5,0.052,-0.9,0.9
19,2014,20.0,TOR,Bruno Caboclo,,2,14,66,13,4,1,0.208,0.3,0.0,4.7,0.9,0.3,0.1,-0.4,-0.28,-14.1,-0.2
20,2014,21.0,OKC,Mitch McGary,University of Michigan,2,52,557,227,183,17,0.527,0.0,0.58,10.7,4.4,3.5,0.3,1.3,0.108,-3.1,-0.2
21,2014,22.0,MEM,Jordan Adams,"University of California, Los Angeles",2,32,263,101,30,19,0.402,0.385,0.607,8.2,3.2,0.9,0.6,0.4,0.07,-0.5,0.1
22,2014,23.0,UTA,Rodney Hood,Duke University,3,140,3963,1773,432,317,0.423,0.365,0.824,28.3,12.7,3.1,2.3,9.2,0.112,0.4,2.4
23,2014,24.0,CHH,Shabazz Napier,University of Connecticut,3,113,1668,487,173,234,0.365,0.349,0.731,14.8,4.3,1.5,2.1,0.6,0.017,-3.4,-0.6
24,2014,25.0,HOU,Clint Capela,,3,99,1794,672,612,55,0.579,0.0,0.359,18.1,6.8,6.2,0.6,5.0,0.134,-0.2,0.8
25,2014,26.0,MIA,P.J. Hairston,University of North Carolina,2,111,2000,664,266,59,0.343,0.295,0.81,18.0,6.0,2.4,0.5,0.9,0.021,-3.9,-1.0
26,2014,27.0,PHO,Bogdan Bogdanovic,,0,0,0,0,0,0,0.0,0.0,0.0,0.0,0.0,0.0,0.0,0.0,0.0,0.0,0.0
27,2014,28.0,LAC,C.J. Wilcox,University of Washington,3,50,309,119,21,22,0.393,0.367,0.813,6.2,2.4,0.4,0.4,0.3,0.04,-4.3,-0.2
28,2014,29.0,OKC,Josh Huestis,Stanford University,1,5,55,14,10,0,0.417,0.667,0.0,11.0,2.8,2.0,0.0,0.0,0.01,-7.4,-0.1
29,2014,30.0,SAS,Kyle Anderson,"University of California, Los Angeles",3,121,1796,451,355,163,0.434,0.345,0.733,14.8,3.7,2.9,1.3,4.2,0.111,1.0,1.4
32,2014,31.0,MIL,Damien Inglis,,1,20,156,36,31,10,0.351,0.231,0.875,7.8,1.8,1.6,0.5,-0.1,-0.024,-6.4,-0.2
33,2014,32.0,PHI,K.J. McDaniels,Clemson University,3,109,1730,628,257,84,0.406,0.289,0.766,15.9,5.8,2.4,0.8,1.1,0.029,-2.9,-0.4
34,2014,33.0,CLE,Joe Harris,University of Virginia,3,67,772,241,75,42,0.414,0.345,0.591,11.5,3.6,1.1,0.6,0.3,0.019,-3.6,-0.3
35,2014,34.0,NYK,Cleanthony Early,Wichita State University,2,56,801,241,123,42,0.346,0.263,0.75,14.3,4.3,2.2,0.8,-0.6,-0.039,-5.7,-0.8
36,2014,35.0,UTA,Jarnell Stokes,University of Tennessee,3,28,151,67,40,7,0.581,0.0,0.531,5.4,2.4,1.4,0.3,0.6,0.203,1.1,0.1
37,2014,36.0,MIL,Johnny O'Bryant III,Louisiana State University,2,100,1225,300,240,49,0.395,1.0,0.582,12.3,3.0,2.4,0.5,-0.2,-0.009,-6.9,-1.5
38,2014,37.0,TOR,DeAndre Daniels,University of Connecticut,0,0,0,0,0,0,0.0,0.0,0.0,0.0,0.0,0.0,0.0,0.0,0.0,0.0,0.0
39,2014,38.0,DET,Spencer Dinwiddie,University of Colorado,2,46,614,203,65,126,0.314,0.173,0.746,13.3,4.4,1.4,2.7,0.2,0.014,-4.4,-0.4
40,2014,39.0,PHI,Jerami Grant,Syracuse University,3,152,3627,1221,586,216,0.397,0.281,0.624,23.9,8.0,3.9,1.4,2.7,0.036,-2.3,-0.3
41,2014,40.0,MIN,Glenn Robinson III,University of Michigan,3,89,873,278,123,43,0.413,0.304,0.662,9.8,3.1,1.4,0.5,0.9,0.049,-4.2,-0.5
42,2014,41.0,DEN,Nikola Jokic,,2,90,1963,881,618,209,0.506,0.313,0.806,21.8,9.8,6.9,2.3,7.1,0.173,4.3,3.1
43,2014,42.0,HOU,Nick Johnson,University of Arizona,1,28,262,74,39,11,0.347,0.238,0.68,9.4,2.6,1.4,0.4,-0.1,-0.02,-7.3,-0.3
44,2014,43.0,ATL,Walter Tavares,,2,12,77,27,22,3,0.6,0.0,0.3,6.4,2.3,1.8,0.3,0.2,0.099,-2.9,0.0
45,2014,44.0,MIN,Markel Brown,Oklahoma State University,2,109,1763,579,229,130,0.382,0.297,0.781,16.2,5.3,2.1,1.2,1.1,0.031,-2.7,-0.3
46,2014,45.0,CHH,Dwight Powell,Stanford University,3,107,1398,546,365,59,0.491,0.194,0.734,13.1,5.1,3.4,0.6,4.3,0.147,-0.1,0.7
47,2014,46.0,WAS,Jordan Clarkson,University of Missouri,3,150,4344,2106,536,422,0.443,0.338,0.817,29.0,14.0,3.6,2.8,5.0,0.055,-1.0,1.1
48,2014,47.0,PHI,Russ Smith,University of Louisville,2,27,131,53,15,19,0.319,0.188,0.769,4.9,2.0,0.6,0.7,-0.2,-0.068,-6.4,-0.1
49,2014,48.0,MIL,Lamar Patterson,University of Pittsburgh,1,35,395,84,50,39,0.35,0.245,0.727,11.3,2.4,1.4,1.1,0.2,0.025,-4.9,-0.3
50,2014,49.0,CHI,Cameron Bairstow,University of New Mexico,2,36,167,44,36,7,0.296,0.2,0.846,4.6,1.2,1.0,0.2,-0.1,-0.021,-7.7,-0.2
51,2014,50.0,PHO,Alec Brown,University of Wisconsin-Green Bay,0,0,0,0,0,0,0.0,0.0,0.0,0.0,0.0,0.0,0.0,0.0,0.0,0.0,0.0
52,2014,51.0,NYK,Thanasis Antetokounmpo,,1,2,6,6,1,0,0.75,0.0,0.0,3.0,3.0,0.5,0.0,0.0,0.291,-4.1,0.0
53,2014,52.0,PHI,Vasilije Micic,,0,0,0,0,0,0,0.0,0.0,0.0,0.0,0.0,0.0,0.0,0.0,0.0,0.0,0.0
54,2014,53.0,MIN,Alessandro Gentile,,0,0,0,0,0,0,0.0,0.0,0.0,0.0,0.0,0.0,0.0,0.0,0.0,0.0,0.0
55,2014,54.0,PHI,Nemanja Dangubic,,0,0,0,0,0,0,0.0,0.0,0.0,0.0,0.0,0.0,0.0,0.0,0.0,0.0,0.0
56,2014,55.0,MIA,Semaj Christon,Xavier University,1,11,183,42,17,32,0.316,0.222,0.571,16.6,3.8,1.5,2.9,0.0,0.002,-6.0,-0.2
57,2014,56.0,DEN,Roy Devyn Marble,University of Iowa,2,44,457,97,69,29,0.304,0.222,0.375,10.4,2.2,1.6,0.7,-0.3,-0.028,-5.0,-0.3
58,2014,57.0,IND,Louis Labeyrie,,0,0,0,0,0,0,0.0,0.0,0.0,0.0,0.0,0.0,0.0,0.0,0.0,0.0,0.0
59,2014,58.0,SAS,Jordan McRae,University of Tennessee,2,27,227,103,23,28,0.414,0.417,0.75,8.4,3.8,0.9,1.0,0.3,0.059,-5.0,-0.2
60,2014,59.0,TOR,Xavier Thames,San Diego State University,0,0,0,0,0,0,0.0,0.0,0.0,0.0,0.0,0.0,0.0,0.0,0.0,0.0,0.0
61,2014,60.0,SAS,Cory Jefferson,Baylor University,2,58,581,205,161,16,0.444,0.125,0.583,10.0,3.5,2.8,0.3,0.9,0.071,-4.6,-0.4
0,2015,1.0,MIN,Karl-Anthony Towns,University of Kentucky,2,92,2981,1723,945,189,0.534,0.351,0.803,32.4,18.7,10.3,2.1,9.4,0.152,2.8,3.6
1,2015,2.0,LAL,D'Angelo Russell,Ohio State University,2,92,2585,1255,315,322,0.412,0.358,0.741,28.1,13.6,3.4,3.5,0.6,0.012,-1.5,0.3
2,2015,3.0,PHI,Jahlil Okafor,Duke University,2,62,1763,1022,407,73,0.503,0.167,0.668,28.4,16.5,6.6,1.2,1.2,0.033,-4.1,-1.0
3,2015,4.0,NYK,Kristaps Porzingis,,2,82,2360,1221,594,103,0.429,0.345,0.829,28.8,14.9,7.2,1.3,5.5,0.111,0.3,1.4
4,2015,5.0,ORL,Mario Hezonja,,2,88,1552,528,196,118,0.416,0.327,0.885,17.6,6.0,2.2,1.3,0.4,0.012,-3.4,-0.5
5,2015,6.0,SAC,Willie Cauley-Stein,University of Kentucky,2,75,1536,505,368,41,0.565,0.0,0.644,20.5,6.7,4.9,0.5,3.9,0.123,0.4,0.9
6,2015,7.0,DEN,Emmanuel Mudiay,,2,78,2379,1028,283,404,0.361,0.321,0.703,30.5,13.2,3.6,5.2,-2.5,-0.05,-4.3,-1.4
7,2015,8.0,DET,Stanley Johnson,University of Arizona,2,84,1871,642,334,130,0.374,0.308,0.767,22.3,7.6,4.0,1.5,0.8,0.021,-2.4,-0.2
8,2015,9.0,CHO,Frank Kaminsky,University of Wisconsin,2,89,1893,694,366,119,0.416,0.333,0.724,21.3,7.8,4.1,1.3,3.6,0.092,-1.1,0.4
9,2015,10.0,MIA,Justise Winslow,Duke University,2,87,2555,606,445,152,0.402,0.264,0.691,29.4,7.0,5.1,1.7,2.5,0.047,-0.7,0.8
10,2015,11.0,IND,Myles Turner,University of Texas at Austin,2,71,1664,780,409,52,0.506,0.25,0.752,23.4,11.0,5.8,0.7,4.2,0.12,-1.5,0.2
11,2015,12.0,UTA,Trey Lyles,University of Kentucky,2,92,1660,579,349,77,0.421,0.345,0.719,18.0,6.3,3.8,0.8,2.4,0.07,-2.7,-0.3
12,2015,13.0,PHO,Devin Booker,University of Kentucky,2,86,2459,1250,217,228,0.421,0.332,0.84,28.6,14.5,2.5,2.7,2.0,0.04,-3.1,-0.7
13,2015,14.0,OKC,Cameron Payne,Murray State University,1,57,698,283,85,108,0.41,0.324,0.792,12.2,5.0,1.5,1.9,1.4,0.093,-1.3,0.1
14,2015,15.0,ATL,Kelly Oubre,University of Kansas,2,71,779,274,146,15,0.428,0.326,0.643,11.0,3.9,2.1,0.2,0.6,0.034,-5.5,-0.7
15,2015,16.0,BOS,Terry Rozier,University of Louisville,2,49,503,137,94,54,0.315,0.308,0.708,10.3,2.8,1.9,1.1,0.0,-0.004,-5.0,-0.4
16,2015,17.0,MIL,Rashad Vaughn,"University of Nevada, Las Vegas",2,77,1116,271,98,41,0.327,0.313,0.8,14.5,3.5,1.3,0.5,-0.5,-0.021,-5.6,-1.0
17,2015,18.0,HOU,Sam Dekker,University of Wisconsin,2,13,167,53,40,9,0.489,0.4,0.25,12.8,4.1,3.1,0.7,0.4,0.116,-0.2,0.1
18,2015,19.0,WAS,Jerian Grant,University of Notre Dame,2,82,1341,460,153,187,0.391,0.225,0.792,16.4,5.6,1.9,2.3,1.1,0.039,-3.1,-0.4
19,2015,20.0,TOR,Delon Wright,University of Utah,1,27,229,103,37,31,0.45,0.385,0.743,8.5,3.8,1.4,1.1,0.6,0.124,-0.7,0.1
20,2015,21.0,DAL,Justin Anderson,University of Virginia,2,64,837,274,175,41,0.386,0.245,0.775,13.1,4.3,2.7,0.6,1.3,0.073,-1.3,0.2
21,2015,22.0,CHI,Bobby Portis,University of Arkansas,2,72,1207,483,373,59,0.436,0.333,0.707,16.8,6.7,5.2,0.8,1.9,0.075,-3.0,-0.3
22,2015,23.0,POR,Rondae Hollis-Jefferson,University of Arizona,2,40,894,240,205,73,0.428,0.269,0.788,22.4,6.0,5.1,1.8,1.5,0.08,0.3,0.5
23,2015,24.0,CLE,Tyus Jones,Duke University,2,44,713,199,64,137,0.36,0.324,0.769,16.2,4.5,1.5,3.1,0.7,0.05,-2.8,-0.1
24,2015,25.0,MEM,Jarell Martin,Louisiana State University,2,36,522,199,115,16,0.454,0.3,0.734,14.5,5.5,3.2,0.4,0.9,0.08,-3.9,-0.2
25,2015,26.0,SAS,Nikola Milutinov,,0,0,0,0,0,0,0.0,0.0,0.0,0.0,0.0,0.0,0.0,0.0,0.0,0.0,0.0
26,2015,27.0,LAL,Larry Nance Jr.,University of Wyoming,2,74,1490,420,367,55,0.538,0.118,0.679,20.1,5.7,5.0,0.7,3.0,0.095,-0.7,0.5
27,2015,28.0,BOS,R.J. Hunter,Georgia State University,2,37,319,97,37,13,0.364,0.297,0.857,8.6,2.6,1.0,0.4,0.3,0.041,-3.6,-0.1
28,2015,29.0,BRK,Chris McCullough,Syracuse University,2,28,391,127,77,10,0.411,0.378,0.478,14.0,4.5,2.8,0.4,0.4,0.05,-0.9,0.1
29,2015,30.0,GSW,Kevon Looney,"University of California, Los Angeles",2,15,99,43,32,7,0.72,0.5,0.545,6.6,2.9,2.1,0.5,0.5,0.23,0.2,0.1
32,2015,31.0,MIN,Cedi Osman,,0,0,0,0,0,0,0.0,0.0,0.0,0.0,0.0,0.0,0.0,0.0,0.0,0.0,0.0
33,2015,32.0,HOU,Montrezl Harrell,University of Louisville,2,44,436,168,82,21,0.657,0.0,0.52,9.9,3.8,1.9,0.5,1.1,0.12,-1.2,0.1
34,2015,33.0,BOS,Jordan Mickey,Louisiana State University,2,23,120,39,27,4,0.421,0.0,0.467,5.2,1.7,1.2,0.2,0.1,0.031,-5.1,-0.1
35,2015,34.0,LAL,Anthony Brown,Stanford University,1,29,599,115,70,19,0.31,0.286,0.85,20.7,4.0,2.4,0.7,-0.3,-0.024,-5.0,-0.5
36,2015,35.0,PHI,Willy Hernangomez,,1,7,78,34,29,3,0.5,0.0,0.5,11.1,4.9,4.1,0.4,0.0,-0.012,-3.9,0.0
37,2015,36.0,MIN,Rakeem Christmas,Syracuse University,2,2,13,4,2,1,0.667,0.0,0.0,6.5,2.0,1.0,0.5,0.0,0.112,-4.1,0.0
38,2015,37.0,PHI,Richaun Holmes,Bowling Green State University,2,60,854,349,181,41,0.519,0.216,0.674,14.2,5.8,3.0,0.7,1.8,0.104,-0.7,0.3
39,2015,38.0,DET,Darrun Hilliard,Villanova University,2,42,401,157,47,32,0.393,0.365,0.727,9.5,3.7,1.1,0.8,0.6,0.066,-3.7,-0.2
40,2015,39.0,CHO,Juan Pablo Vaulet,,0,0,0,0,0,0,0.0,0.0,0.0,0.0,0.0,0.0,0.0,0.0,0.0,0.0,0.0
41,2015,40.0,MIA,Josh Richardson,University of Tennessee,2,58,1272,403,121,83,0.446,0.434,0.677,21.9,6.9,2.1,1.4,2.6,0.097,0.3,0.7
42,2015,41.0,BRK,Pat Connaughton,University of Notre Dame,2,37,168,40,35,14,0.28,0.238,0.875,4.5,1.1,0.9,0.4,-0.1,-0.04,-7.3,-0.2
43,2015,42.0,UTA,Olivier Hanlan,Boston College,0,0,0,0,0,0,0.0,0.0,0.0,0.0,0.0,0.0,0.0,0.0,0.0,0.0,0.0
44,2015,43.0,IND,Joseph Young,University of Oregon,2,49,444,185,56,71,0.376,0.245,0.75,9.1,3.8,1.1,1.4,0.0,0.003,-5.4,-0.4
45,2015,44.0,PHO,Andrew Harrison,University of Kentucky,1,9,213,51,13,26,0.292,0.217,0.75,23.7,5.7,1.4,2.9,0.0,0.005,-3.2,-0.1
46,2015,45.0,BOS,Marcus Thornton,College of William & Mary,0,0,0,0,0,0,0.0,0.0,0.0,0.0,0.0,0.0,0.0,0.0,0.0,0.0,0.0
47,2015,46.0,MIL,Norman Powell,"University of California, Los Angeles",2,58,859,332,131,59,0.432,0.407,0.806,14.8,5.7,2.3,1.0,2.2,0.121,0.0,0.4
48,2015,47.0,PHI,Arturas Gudaitis,,0,0,0,0,0,0,0.0,0.0,0.0,0.0,0.0,0.0,0.0,0.0,0.0,0.0,0.0
49,2015,48.0,OKC,Dakari Johnson,University of Kentucky,0,0,0,0,0,0,0.0,0.0,0.0,0.0,0.0,0.0,0.0,0.0,0.0,0.0,0.0
50,2015,49.0,WAS,Aaron White,University of Iowa,0,0,0,0,0,0,0.0,0.0,0.0,0.0,0.0,0.0,0.0,0.0,0.0,0.0,0.0
51,2015,50.0,ATL,Marcus Eriksson,,0,0,0,0,0,0,0.0,0.0,0.0,0.0,0.0,0.0,0.0,0.0,0.0,0.0,0.0
52,2015,51.0,ORL,Tyler Harvey,Eastern Washington University,0,0,0,0,0,0,0.0,0.0,0.0,0.0,0.0,0.0,0.0,0.0,0.0,0.0,0.0
53,2015,52.0,DAL,Satnam Singh,,0,0,0,0,0,0,0.0,0.0,0.0,0.0,0.0,0.0,0.0,0.0,0.0,0.0,0.0
54,2015,53.0,CLE,Sir'Dominic Pointer,St. John's University,0,0,0,0,0,0,0.0,0.0,0.0,0.0,0.0,0.0,0.0,0.0,0.0,0.0,0.0
55,2015,54.0,UTA,Dani Diez,,0,0,0,0,0,0,0.0,0.0,0.0,0.0,0.0,0.0,0.0,0.0,0.0,0.0,0.0
56,2015,55.0,SAS,Cady Lalanne,University of Massachusetts Amherst,0,0,0,0,0,0,0.0,0.0,0.0,0.0,0.0,0.0,0.0,0.0,0.0,0.0,0.0
57,2015,56.0,NOP,Branden Dawson,Michigan State University,1,6,29,5,4,0,0.4,0.0,1.0,4.8,0.8,0.7,0.0,0.0,0.069,-6.6,0.0
58,2015,57.0,DEN,Nikola Radicevic,,0,0,0,0,0,0,0.0,0.0,0.0,0.0,0.0,0.0,0.0,0.0,0.0,0.0,0.0
59,2015,58.0,PHI,J.P. Tokoto,University of North Carolina,0,0,0,0,0,0,0.0,0.0,0.0,0.0,0.0,0.0,0.0,0.0,0.0,0.0,0.0
60,2015,59.0,ATL,Dimitrios Agravanis,,0,0,0,0,0,0,0.0,0.0,0.0,0.0,0.0,0.0,0.0,0.0,0.0,0.0,0.0
61,2015,60.0,PHI,Luka Mitrovic,,0,0,0,0,0,0,0.0,0.0,0.0,0.0,0.0,0.0,0.0,0.0,0.0,0.0,0.0
0,2016,1.0,PHI,Ben Simmons,Louisiana State University,0,0,0,0,0,0,0.0,0.0,0.0,0.0,0.0,0.0,0.0,0.0,0.0,0.0,0.0
1,2016,2.0,LAL,Brandon Ingram,Duke University,1,12,264,83,36,17,0.409,0.238,0.75,22.0,6.9,3.0,1.4,0.3,0.058,-2.0,0.0
2,2016,3.0,BOS,Jaylen Brown,University of California,1,10,175,71,26,10,0.45,0.313,0.6,17.5,7.1,2.6,1.0,0.3,0.072,-1.3,0.0
3,2016,4.0,PHO,Dragan Bender,,1,8,82,30,9,3,0.444,0.429,0.0,10.3,3.8,1.1,0.4,0.1,0.058,-1.9,0.0
4,2016,5.0,MIN,Kris Dunn,Providence College,1,10,202,46,31,37,0.357,0.375,0.565,20.2,4.6,3.1,3.7,0.2,0.054,0.0,0.1
5,2016,6.0,NOP,Buddy Hield,University of Oklahoma,1,11,234,107,32,12,0.371,0.237,0.875,21.3,9.7,2.9,1.1,-0.3,-0.06,-5.9,-0.2
6,2016,7.0,DEN,Jamal Murray,University of Kentucky,1,10,201,70,21,19,0.342,0.351,0.778,20.1,7.0,2.1,1.9,-0.1,-0.026,-4.8,-0.1
7,2016,8.0,SAC,Marquesse Chriss,University of Washington,1,11,161,64,40,7,0.433,0.25,0.6,14.6,5.8,3.6,0.6,-0.2,-0.051,-5.9,-0.2
8,2016,9.0,TOR,Jakob Poeltl,University of Utah,1,7,116,24,31,2,0.417,0.0,0.8,16.6,3.4,4.4,0.3,0.2,0.091,-1.4,0.0
9,2016,10.0,MIL,Thon Maker,,1,3,12,9,7,0,0.75,0.667,0.5,4.0,3.0,2.3,0.0,0.1,0.419,-1.7,0.0
10,2016,11.0,ORL,Domantas Sabonis,Gonzaga University,1,11,235,78,36,17,0.437,0.469,0.5,21.4,7.1,3.3,1.5,0.4,0.083,-1.6,0.0
11,2016,12.0,UTA,Taurean Prince,Baylor University,1,5,23,8,5,2,0.5,0.0,1.0,4.6,1.6,1.0,0.4,0.1,0.111,-2.6,0.0
12,2016,13.0,PHO,Georgios Papagiannis,,1,1,6,2,1,0,1.0,0.0,0.0,6.0,2.0,1.0,0.0,0.0,-0.073,-12.4,0.0
13,2016,14.0,CHI,Denzel Valentine,Michigan State University,1,7,49,13,8,3,0.308,0.444,0.5,7.0,1.9,1.1,0.4,0.0,0.012,-4.5,0.0
14,2016,15.0,DEN,Juan Hernangomez,,1,8,100,33,24,5,0.524,0.556,0.75,12.5,4.1,3.0,0.6,0.3,0.156,0.5,0.1
15,2016,16.0,BOS,Guerschon Yabusele,,0,0,0,0,0,0,0.0,0.0,0.0,0.0,0.0,0.0,0.0,0.0,0.0,0.0,0.0
16,2016,17.0,MEM,Wade Baldwin,Vanderbilt University,1,7,137,28,16,22,0.297,0.222,1.0,19.6,4.0,2.3,3.1,-0.2,-0.067,-4.4,-0.1
17,2016,18.0,DET,Henry Ellenson,Marquette University,1,4,8,2,6,0,0.333,0.0,0.0,2.0,0.5,1.5,0.0,0.0,0.086,-19.9,0.0
18,2016,19.0,DEN,Malik Beasley,Florida State University,1,4,28,12,2,2,0.313,0.333,0.0,7.0,3.0,0.5,0.5,0.0,-0.044,-9.5,-0.1
19,2016,20.0,IND,Caris LeVert,University of Michigan,0,0,0,0,0,0,0.0,0.0,0.0,0.0,0.0,0.0,0.0,0.0,0.0,0.0,0.0
20,2016,21.0,ATL,DeAndre Bembry,Saint Joseph's University,1,4,13,4,4,0,0.333,0.0,0.0,3.3,1.0,1.0,0.0,0.0,0.021,-13.7,0.0
21,2016,22.0,CHO,Malachi Richardson,Syracuse University,1,2,8,3,0,0,0.25,0.333,0.0,4.0,1.5,0.0,0.0,0.0,-0.121,-12.3,0.0
22,2016,23.0,BOS,Ante Zizic,,0,0,0,0,0,0,0.0,0.0,0.0,0.0,0.0,0.0,0.0,0.0,0.0,0.0,0.0
23,2016,24.0,PHI,Timothe Luwawu,,1,7,32,8,3,1,0.5,0.0,0.0,4.6,1.1,0.4,0.1,-0.1,-0.093,-9.0,-0.1
24,2016,25.0,LAC,Brice Johnson,University of North Carolina,0,0,0,0,0,0,0.0,0.0,0.0,0.0,0.0,0.0,0.0,0.0,0.0,0.0,0.0
25,2016,26.0,PHI,Furkan Korkmaz,,0,0,0,0,0,0,0.0,0.0,0.0,0.0,0.0,0.0,0.0,0.0,0.0,0.0,0.0
26,2016,27.0,TOR,Pascal Siakam,New Mexico State University,1,10,169,53,38,3,0.556,0.0,0.75,16.9,5.3,3.8,0.3,0.4,0.107,-1.2,0.0
27,2016,28.0,PHO,Skal Labissiere,University of Kentucky,1,1,15,8,3,0,0.6,0.0,0.667,15.0,8.0,3.0,0.0,0.1,0.241,-4.3,0.0
28,2016,29.0,SAS,Dejounte Murray,University of Washington,1,6,23,8,2,2,0.25,0.667,0.5,3.8,1.3,0.3,0.3,-0.1,-0.105,-10.1,0.0
29,2016,30.0,GSW,Damian Jones,Vanderbilt University,0,0,0,0,0,0,0.0,0.0,0.0,0.0,0.0,0.0,0.0,0.0,0.0,0.0,0.0
32,2016,31.0,BOS,Deyonta Davis,Michigan State University,1,6,47,19,11,0,0.727,0.0,0.5,7.8,3.2,1.8,0.0,0.2,0.174,-3.1,0.0
33,2016,32.0,LAL,Ivica Zubac,,1,3,27,7,5,0,0.6,0.0,0.5,9.0,2.3,1.7,0.0,0.0,0.063,-7.2,0.0
34,2016,33.0,LAC,Cheick Diallo,University of Kansas,1,1,6,0,1,0,0.0,0.0,0.0,6.0,0.0,1.0,0.0,0.0,-0.237,-11.3,0.0
35,2016,34.0,PHO,Tyler Ulis,University of Kentucky,1,5,45,10,3,9,0.333,0.0,1.0,9.0,2.0,0.6,1.8,0.0,-0.004,-3.3,0.0
36,2016,35.0,BOS,Rade Zagorac,,0,0,0,0,0,0,0.0,0.0,0.0,0.0,0.0,0.0,0.0,0.0,0.0,0.0,0.0
37,2016,36.0,MIL,Malcolm Brogdon,University of Virginia,1,9,191,74,22,27,0.429,0.313,0.882,21.2,8.2,2.4,3.0,0.4,0.1,-1.1,0.0
38,2016,37.0,HOU,Chinanu Onuaku,University of Louisville,0,0,0,0,0,0,0.0,0.0,0.0,0.0,0.0,0.0,0.0,0.0,0.0,0.0,0.0
39,2016,38.0,MIL,Patrick McCaw,"University of Nevada, Las Vegas",1,5,71,24,5,7,0.5,0.444,1.0,14.2,4.8,1.0,1.4,0.2,0.16,2.0,0.1
40,2016,39.0,NOP,David Michineau,,0,0,0,0,0,0,0.0,0.0,0.0,0.0,0.0,0.0,0.0,0.0,0.0,0.0,0.0
41,2016,40.0,NOP,Diamond Stone,University of Maryland,1,3,14,6,3,0,0.286,0.0,1.0,4.7,2.0,1.0,0.0,0.0,-0.054,-14.4,0.0
42,2016,41.0,ORL,Stephen Zimmerman,"University of Nevada, Las Vegas",1,2,11,2,4,1,0.5,0.0,0.0,5.5,1.0,2.0,0.5,0.0,0.098,-1.6,0.0
43,2016,42.0,UTA,Isaiah Whitehead,Seton Hall University,1,7,111,32,18,18,0.4,0.125,0.75,15.9,4.6,2.6,2.6,-0.3,-0.12,-7.0,-0.1
44,2016,43.0,HOU,Zhou Qi,,0,0,0,0,0,0,0.0,0.0,0.0,0.0,0.0,0.0,0.0,0.0,0.0,0.0,0.0
45,2016,44.0,ATL,Isaia Cordinier,,0,0,0,0,0,0,0.0,0.0,0.0,0.0,0.0,0.0,0.0,0.0,0.0,0.0,0.0
46,2016,45.0,BOS,Demetrius Jackson,University of Notre Dame,1,2,15,10,3,2,0.75,1.0,0.5,7.5,5.0,1.5,1.0,0.1,0.365,6.3,0.0
47,2016,46.0,DAL,A.J. Hammons,Purdue University,1,4,11,9,4,1,0.6,1.0,1.0,2.8,2.3,1.0,0.3,0.1,0.559,16.8,0.1
48,2016,47.0,ORL,Jake Layman,University of Maryland,1,5,46,31,4,5,0.522,0.412,0.0,9.2,6.2,0.8,1.0,0.2,0.201,5.2,0.1
49,2016,48.0,CHI,Paul Zipser,,1,5,26,0,7,3,0.0,0.0,0.0,5.2,0.0,1.4,0.6,-0.1,-0.101,-6.2,0.0
50,2016,49.0,DET,Michael Gbinije,Syracuse University,1,3,10,2,0,1,0.0,0.0,1.0,3.3,0.7,0.0,0.3,0.0,-0.102,-12.4,0.0
51,2016,50.0,IND,Georges Niang,Iowa State University,1,6,34,4,9,2,0.2,0.0,0.0,5.7,0.7,1.5,0.3,-0.2,-0.225,-14.1,-0.1
52,2016,51.0,BOS,Ben Bentil,Providence College,0,0,0,0,0,0,0.0,0.0,0.0,0.0,0.0,0.0,0.0,0.0,0.0,0.0,0.0
53,2016,52.0,UTA,Joel Bolomboy,Weber State University,1,4,8,3,4,1,1.0,0.0,0.5,2.0,0.8,1.0,0.3,0.1,0.336,16.9,0.0
54,2016,53.0,DEN,Petr Cornelie,,0,0,0,0,0,0,0.0,0.0,0.0,0.0,0.0,0.0,0.0,0.0,0.0,0.0,0.0
55,2016,54.0,ATL,Kay Felder,Oakland University,1,3,18,4,3,3,0.25,0.0,0.0,6.0,1.3,1.0,1.0,0.0,-0.073,-8.7,0.0
56,2016,55.0,BRK,Marcus Paige,University of North Carolina,0,0,0,0,0,0,0.0,0.0,0.0,0.0,0.0,0.0,0.0,0.0,0.0,0.0,0.0
57,2016,56.0,DEN,Daniel Hamilton,University of Connecticut,0,0,0,0,0,0,0.0,0.0,0.0,0.0,0.0,0.0,0.0,0.0,0.0,0.0,0.0
58,2016,57.0,MEM,Wang Shelin,,0,0,0,0,0,0,0.0,0.0,0.0,0.0,0.0,0.0,0.0,0.0,0.0,0.0,0.0
59,2016,58.0,BOS,Abdel Nader,Iowa State University,0,0,0,0,0,0,0.0,0.0,0.0,0.0,0.0,0.0,0.0,0.0,0.0,0.0,0.0
60,2016,59.0,SAC,Isaiah Cousins,University of Oklahoma,0,0,0,0,0,0,0.0,0.0,0.0,0.0,0.0,0.0,0.0,0.0,0.0,0.0,0.0
61,2016,60.0,UTA,Tyrone Wallace,University of California,0,0,0,0,0,0,0.0,0.0,0.0,0.0,0.0,0.0,0.0,0.0,0.0,0.0,0.0
